City_ID,City,Lat,Lng,Max Temp,Humidity,Cloudiness,Wind Speed,Country,Date
0,Waingapu,-9.6567,120.2641,81.95,63,44,2.46,ID,2022-09-28 00:26:22
1,Port Lincoln,-34.7333,135.8667,53.51,65,100,11.9,AU,2022-09-28 00:23:06
2,Iquitos,-3.7481,-73.2472,84.24,65,75,5.75,PE,2022-09-28 00:26:33
3,Kamina,-8.7386,24.9906,72.66,54,85,3.49,CD,2022-09-28 00:26:38
4,Punta Arenas,-53.15,-70.9167,44.71,70,0,12.66,CL,2022-09-28 00:24:06
5,Busselton,-33.65,115.3333,56.25,82,48,9.15,AU,2022-09-28 00:26:48
6,Buala,-8.145,159.5921,84.42,62,98,9.95,SB,2022-09-28 00:26:59
7,Georgetown,5.4112,100.3354,81.9,86,20,3.44,MY,2022-09-28 00:26:57
8,Hilo,19.7297,-155.09,85.28,67,100,5.75,US,2022-09-28 00:27:09
9,Rawson,-43.3002,-65.1023,56.53,46,0,2.44,AR,2022-09-28 00:27:15
10,Smolenka,52.1352,113.4974,28.47,69,29,4.47,RU,2022-09-28 00:27:20
11,Atuona,-9.8,-139.0333,77.05,74,2,18.79,PF,2022-09-28 00:27:31
12,Kavaratti,10.5669,72.642,81.39,73,28,14.38,IN,2022-09-28 00:27:36
13,Ushuaia,-54.8,-68.3,44.26,76,75,26.46,AR,2022-09-28 00:27:42
14,Privolnyy,44.0998,46.6587,64.22,92,92,9.24,RU,2022-09-28 00:27:47
15,Kizukuri,40.8061,140.3861,70.52,81,100,5.7,JP,2022-09-28 00:27:52
16,Vanavara,60.34,102.2797,28.18,91,98,4.18,RU,2022-09-28 00:27:58
17,Kodiak,57.79,-152.4072,49.51,87,100,12.66,US,2022-09-28 00:26:20
18,Albany,42.6001,-73.9662,56.52,89,51,5.59,US,2022-09-28 00:21:56
19,Mataura,-46.1927,168.8643,64.0,55,43,3.13,NZ,2022-09-28 00:28:13
20,Richards Bay,-28.783,32.0377,70.07,93,21,7.11,ZA,2022-09-28 00:28:24
21,Port Alfred,-33.5906,26.891,66.18,99,100,5.99,ZA,2022-09-28 00:28:29
22,Kousseri,12.0769,15.0306,74.08,82,39,8.46,CM,2022-09-28 00:28:34
23,Lebu,-37.6167,-73.65,51.06,84,0,16.24,CL,2022-09-28 00:28:45
24,Mahebourg,-20.4081,57.7,70.25,67,68,11.56,MU,2022-09-28 00:28:50
25,Avarua,-21.2078,-159.775,78.85,89,20,9.22,CK,2022-09-28 00:28:56
26,Storsteinnes,69.2408,19.2344,42.39,78,13,4.92,NO,2022-09-28 00:29:01
27,Vao,-22.6667,167.4833,74.35,76,15,12.12,NC,2022-09-28 00:29:07
28,New Norfolk,-42.7826,147.0587,56.88,72,100,1.99,AU,2022-09-28 00:29:17
29,Kapaa,22.0752,-159.319,84.52,66,20,11.5,US,2022-09-28 00:29:22
30,Tilichiki,60.4667,166.1,39.34,62,98,2.62,RU,2022-09-28 00:29:28
31,Padang,-0.9492,100.3543,73.45,86,92,3.47,ID,2022-09-28 00:29:33
32,Barrow,71.2906,-156.7887,30.22,80,75,11.5,US,2022-09-28 00:29:38
33,Murray Bridge,-35.1167,139.2667,55.13,65,1,14.7,AU,2022-09-28 00:29:44
34,Zapolyarnyy,69.4154,30.8136,43.88,86,80,6.4,RU,2022-09-28 00:29:49
35,Jamestown,42.097,-79.2353,54.99,78,100,9.22,US,2022-09-28 00:29:54
36,Pacific Grove,36.6177,-121.9166,79.21,80,0,11.5,US,2022-09-28 00:30:00
37,Bredasdorp,-34.5322,20.0403,52.3,91,84,3.53,ZA,2022-09-28 00:30:05
38,Bintulu,3.1667,113.0333,79.21,89,20,5.75,MY,2022-09-28 00:27:45
39,Svetlogorsk,52.6333,29.7333,48.16,96,100,4.34,BY,2022-09-28 00:30:16
40,Rikitea,-23.1203,-134.9692,69.93,59,56,9.86,PF,2022-09-28 00:19:36
41,Butaritari,3.0707,172.7902,81.95,75,63,16.17,KI,2022-09-28 00:21:49
42,Upernavik,72.7868,-56.1549,33.3,100,100,3.44,GL,2022-09-28 00:30:31
43,Bodrum,37.0383,27.4292,72.88,84,24,13.0,TR,2022-09-28 00:30:02
44,Saint-Philippe,-21.3585,55.7679,65.79,71,40,7.87,RE,2022-09-28 00:30:41
45,San Francisco,37.7749,-122.4194,78.67,76,40,24.16,US,2022-09-28 00:32:23
46,Arraial Do Cabo,-22.9661,-42.0278,69.96,95,93,7.25,BR,2022-09-28 00:32:52
47,Airai,-8.9266,125.4092,72.59,63,99,0.18,TL,2022-09-28 00:32:57
48,Tateyama,34.9833,139.8667,73.69,62,0,15.5,JP,2022-09-28 00:33:03
49,Taoudenni,22.6783,-3.9836,95.95,20,25,12.97,ML,2022-09-28 00:33:08
50,Manggar,-2.8833,108.2667,83.3,70,79,11.36,ID,2022-09-28 00:33:13
51,Hobyo,5.3505,48.5268,77.25,87,2,17.47,SO,2022-09-28 00:33:19
52,Klaksvik,62.2266,-6.589,45.52,90,100,20.42,FO,2022-09-28 00:33:24
53,Touros,-5.1989,-35.4608,76.28,72,0,16.71,BR,2022-09-28 00:30:59
54,Tarata,-17.6167,-66.0167,65.62,60,3,5.3,BO,2022-09-28 00:33:35
55,Siparia,10.1333,-61.5,79.79,95,100,9.37,TT,2022-09-28 00:33:40
56,Khatanga,71.9667,102.5,18.7,93,98,3.15,RU,2022-09-28 00:33:45
57,Dingle,10.9995,122.6711,78.31,89,100,1.95,PH,2022-09-28 00:33:51
58,Gravdal,68.1214,13.5031,49.78,75,16,8.25,NO,2022-09-28 00:33:56
59,Liptovsky Hradok,49.0396,19.7234,46.98,97,11,3.47,SK,2022-09-28 00:34:01
60,Port Hardy,50.6996,-127.4199,57.38,88,75,3.44,CA,2022-09-28 00:30:25
61,Cherskiy,68.75,161.3,32.34,54,9,4.07,RU,2022-09-28 00:34:22
62,Tessalit,20.1986,1.0114,91.6,15,83,3.76,ML,2022-09-28 00:34:27
63,Paamiut,61.994,-49.6678,42.42,96,100,13.8,GL,2022-09-28 00:34:33
64,Hobart,-42.8794,147.3294,56.23,86,75,4.61,AU,2022-09-28 00:32:30
65,Te Anau,-45.4167,167.7167,55.69,67,100,3.31,NZ,2022-09-28 00:34:43
66,Axim,4.8699,-2.2405,75.0,92,100,8.05,GH,2022-09-28 00:34:49
67,Ponta Do Sol,32.6667,-17.1,71.01,73,100,5.79,PT,2022-09-28 00:34:54
68,Aripuana,-9.1667,-60.6333,75.85,76,65,1.3,BR,2022-09-28 00:34:59
69,Walvis Bay,-22.9575,14.5053,54.55,82,8,8.05,NA,2022-09-28 00:35:05
70,East London,-33.0153,27.9116,69.17,94,100,21.94,ZA,2022-09-28 00:35:10
71,Tiksi,71.6872,128.8694,32.45,86,100,19.6,RU,2022-09-28 00:35:16
72,Luderitz,-26.6481,15.1594,55.94,66,24,12.37,NA,2022-09-28 00:35:22
73,Quatre Cocos,-20.2078,57.7625,70.09,61,92,12.93,MU,2022-09-28 00:35:27
74,Kidal,18.4411,1.4078,90.95,25,22,6.82,ML,2022-09-28 00:35:33
75,Basoko,1.2391,23.616,70.36,97,62,3.94,CD,2022-09-28 00:35:38
76,Cabo San Lucas,22.8909,-109.9124,88.9,62,0,10.36,MX,2022-09-28 00:35:43
77,Leningradskiy,69.3833,178.4167,29.21,82,100,5.35,RU,2022-09-28 00:35:54
78,Cape Town,-33.9258,18.4232,55.11,84,0,1.14,ZA,2022-09-28 00:33:15
79,Westport,41.1415,-73.3579,64.74,68,0,8.05,US,2022-09-28 00:36:04
80,Coahuayana,18.7333,-103.6833,78.62,91,100,3.31,MX,2022-09-28 00:36:10
81,Jilib,0.4883,42.7854,72.59,92,20,5.23,SO,2022-09-28 00:36:15
82,Prince Rupert,54.3161,-130.3201,62.69,89,100,6.91,CA,2022-09-28 00:36:20
83,Qaanaaq,77.484,-69.3632,31.12,93,95,6.33,GL,2022-09-28 00:36:31
84,Narsaq,60.9167,-46.05,43.02,94,100,2.13,GL,2022-09-28 00:36:36
85,Pontes E Lacerda,-15.2261,-59.3353,73.76,89,78,3.91,BR,2022-09-28 00:36:42
86,Litovko,49.2361,135.1742,60.08,74,95,11.72,RU,2022-09-28 00:36:47
87,Norwich,52.6278,1.2983,45.32,88,33,8.05,GB,2022-09-28 00:36:52
88,Damnoen Saduak,13.5182,99.9547,82.04,99,100,5.77,TH,2022-09-28 00:36:58
89,Hermanus,-34.4187,19.2345,48.79,84,96,7.65,ZA,2022-09-28 00:37:08
90,Waipawa,-41.4122,175.5153,59.49,57,100,6.51,NZ,2022-09-28 00:39:14
91,Garowe,8.4054,48.4845,77.88,66,53,15.03,SO,2022-09-28 00:39:19
92,Kalmunai,7.4167,81.8167,78.93,81,100,5.7,LK,2022-09-28 00:39:25
93,Kulhudhuffushi,6.6221,73.07,81.93,70,99,14.74,MV,2022-09-28 00:39:30
94,Chapais,49.7834,-74.8492,51.58,91,100,5.48,CA,2022-09-28 00:39:35
95,Vaini,-21.2,-175.2,77.16,88,75,4.61,TO,2022-09-28 00:39:40
96,Viedma,-40.8135,-62.9967,47.44,48,0,9.82,AR,2022-09-28 00:39:51
97,Tuktoyaktuk,69.4541,-133.0374,32.0,100,100,20.71,CA,2022-09-28 00:39:56
98,Nouakchott,18.0858,-15.9785,84.13,74,74,10.51,MR,2022-09-28 00:40:02
99,Amahai,-3.3333,128.9167,83.7,68,89,1.88,ID,2022-09-28 00:40:07
100,Palu,-0.8917,119.8707,85.93,61,93,2.68,ID,2022-09-28 00:40:12
101,Castro,-24.7911,-50.0119,58.33,98,100,3.24,BR,2022-09-28 00:40:18
102,Calatayud,41.3535,-1.6432,55.67,69,7,4.81,ES,2022-09-28 00:40:23
103,Saint George,37.1041,-113.5841,90.95,25,0,10.36,US,2022-09-28 00:35:47
104,Lagoa,39.05,-27.9833,69.44,75,100,20.96,PT,2022-09-28 00:40:33
105,Puerto Ayora,-0.7393,-90.3518,66.54,93,79,5.99,EC,2022-09-28 00:40:39
106,Ostrovnoy,68.0531,39.5131,38.01,78,100,7.67,RU,2022-09-28 00:40:44
107,Nikolskoye,59.7035,30.7861,40.91,97,14,4.12,RU,2022-09-28 00:40:50
108,Posse,-14.0931,-46.3694,78.33,33,30,9.57,BR,2022-09-28 00:40:19
109,Kayes,14.0,-11.0,79.05,74,100,3.78,ML,2022-09-28 00:41:00
110,San Patricio,28.017,-97.5169,84.15,42,0,9.75,US,2022-09-28 00:41:06
111,Doha,25.2867,51.5333,84.18,61,0,5.75,QA,2022-09-28 00:39:36
112,Aklavik,68.2191,-135.0107,32.32,98,100,17.22,CA,2022-09-28 00:41:16
113,Port Elizabeth,-33.918,25.5701,65.32,99,100,18.41,ZA,2022-09-28 00:41:21
114,Bambous Virieux,-20.3428,57.7575,70.21,64,95,12.73,MU,2022-09-28 00:41:27
115,Colares,38.7992,-9.4469,64.76,91,5,31.0,PT,2022-09-28 00:41:32
116,Berlevag,70.8578,29.0864,48.15,76,100,9.22,NO,2022-09-28 00:41:38
117,Bethel,41.3712,-73.414,61.11,79,0,4.61,US,2022-09-28 00:41:37
118,Pemba,-12.974,40.5178,74.32,80,5,0.72,MZ,2022-09-28 00:41:49
119,Fairbanks,64.8378,-147.7164,42.76,89,100,5.75,US,2022-09-28 00:41:54
120,Madison,34.7334,-86.5667,63.75,55,0,0.0,US,2022-09-28 00:41:59
121,Carnarvon,-24.8667,113.6333,73.2,31,95,9.57,AU,2022-09-28 00:42:05
122,Provideniya,64.3833,-173.3,41.36,81,75,8.99,RU,2022-09-28 00:42:10
123,Ponta Delgada,37.7333,-25.6667,68.5,82,40,6.91,PT,2022-09-28 00:42:16
124,Dargaville,-35.9333,173.8833,64.29,62,100,8.95,NZ,2022-09-28 00:41:14
125,Comodoro Rivadavia,-45.8667,-67.5,49.86,50,0,5.75,AR,2022-09-28 00:42:26
126,Banda Aceh,5.5577,95.3222,80.19,74,100,13.91,ID,2022-09-28 00:42:31
127,Lavrentiya,65.5833,-171.0,39.43,75,99,10.8,RU,2022-09-28 00:42:37
128,Shimoda,34.6667,138.95,73.76,60,70,10.85,JP,2022-09-28 00:42:42
129,Ayapel,8.3137,-75.1398,76.19,95,97,3.56,CO,2022-09-28 00:42:47
130,Izumo,35.3667,132.7667,71.55,88,75,9.22,JP,2022-09-28 00:42:53
131,Odweyne,9.4092,45.064,75.27,55,13,7.74,SO,2022-09-28 00:42:58
132,Clyde River,70.4692,-68.5914,30.43,80,0,8.05,CA,2022-09-28 00:43:04
133,Mar Del Plata,-38.0023,-57.5575,50.09,66,0,5.75,AR,2022-09-28 00:43:09
134,Esperance,-33.8667,121.9,61.16,56,2,9.75,AU,2022-09-28 00:43:14
135,Carutapera,-1.195,-46.02,77.29,84,88,6.42,BR,2022-09-28 00:43:20
136,Paidha,2.4167,30.9855,58.96,86,95,3.4,UG,2022-09-28 00:43:25
137,Olafsvik,64.8945,-23.7142,45.39,62,100,8.5,IS,2022-09-28 00:43:31
138,Severo-Kurilsk,50.6789,156.125,51.64,72,7,18.21,RU,2022-09-28 00:38:59
139,Springville,40.1652,-111.6107,83.95,13,40,6.91,US,2022-09-28 00:45:41
140,Dawei,14.0833,98.2,76.21,92,100,0.72,MM,2022-09-28 00:45:46
141,Kruisfontein,-34.0033,24.7314,61.88,97,99,1.7,ZA,2022-09-28 00:45:52
142,Shasta Lake,40.6804,-122.3708,88.52,24,1,1.01,US,2022-09-28 00:45:57
143,Goiatuba,-18.0125,-49.3547,71.02,78,98,2.04,BR,2022-09-28 00:46:03
144,Havoysund,70.9963,24.6622,46.63,79,66,11.77,NO,2022-09-28 00:46:08
145,Las Margaritas,16.3167,-91.9833,61.39,96,90,4.09,MX,2022-09-28 00:46:13
146,Nanortalik,60.1432,-45.2371,43.09,97,99,2.89,GL,2022-09-28 00:46:19
147,Saskylakh,71.9167,114.0833,24.98,96,85,5.77,RU,2022-09-28 00:46:24
148,Tucurui,-3.7661,-49.6725,77.07,73,34,2.77,BR,2022-09-28 00:46:29
149,Saint-Joseph,-21.3667,55.6167,66.58,71,33,7.65,RE,2022-09-28 00:46:45
150,Lloret De Mar,41.6999,2.8457,65.89,79,85,4.76,ES,2022-09-28 00:46:50
151,Codajas,-3.8367,-62.0569,84.13,56,92,2.86,BR,2022-09-28 00:46:56
152,La Orilla,17.9833,-102.2333,79.88,83,100,3.13,MX,2022-09-28 00:47:01
153,Leh,34.1667,77.5833,49.21,51,2,4.0,IN,2022-09-28 00:47:06
154,Celestun,20.8667,-90.4,80.6,81,3,13.35,MX,2022-09-28 00:47:12
155,Dikson,73.5069,80.5464,31.84,71,78,6.38,RU,2022-09-28 00:47:17
156,Yen Bai,21.7,104.8667,77.02,88,100,5.84,VN,2022-09-28 00:47:23
157,Bosaso,11.2842,49.1816,86.36,50,9,2.13,SO,2022-09-28 00:47:28
158,Mersing,2.4312,103.8405,75.11,100,40,3.44,MY,2022-09-28 00:47:33
159,Huilong,31.8111,121.655,70.93,79,100,6.38,CN,2022-09-28 00:47:39
160,Yellowknife,62.456,-114.3525,70.32,46,75,10.36,CA,2022-09-28 00:44:45
161,Dalbandin,28.8947,64.4101,72.09,21,0,5.73,PK,2022-09-28 00:47:49
162,Roma,43.2128,-75.4557,54.37,96,100,1.01,US,2022-09-28 00:45:41
163,Manzanillo,20.3433,-77.1167,79.41,81,38,6.46,CU,2022-09-28 00:48:00
164,Novocheremshansk,54.3571,50.1666,46.71,85,100,9.8,RU,2022-09-28 00:48:05
165,Chimbote,-9.0853,-78.5783,61.03,84,9,8.7,PE,2022-09-28 00:48:10
166,Dunedin,-45.8742,170.5036,57.79,77,57,3.0,NZ,2022-09-28 00:43:39
167,Puerto Leguizamo,-0.1934,-74.7819,77.83,72,79,0.94,CO,2022-09-28 00:48:26
168,Port Moresby,-9.4431,147.1797,85.42,70,40,11.5,PG,2022-09-28 00:48:31
169,Gouloure,12.2306,-1.9289,74.93,77,84,5.39,BF,2022-09-28 00:48:37
170,Mantsala,60.6609,25.2838,43.52,92,6,5.14,FI,2022-09-28 00:48:47
171,Mount Isa,-20.7333,139.5,65.97,94,40,8.05,AU,2022-09-28 00:48:52
172,Pevek,69.7008,170.3133,29.41,74,92,6.22,RU,2022-09-28 00:48:58
173,Geraldton,-28.7667,114.6,64.81,63,0,6.91,AU,2022-09-28 00:49:03
174,Rapallo,44.3511,9.2297,65.48,84,100,5.01,IT,2022-09-28 00:49:09
175,Hinesville,31.8469,-81.5959,73.36,79,75,0.0,US,2022-09-28 00:46:14
176,Bluff,-46.6,168.3333,55.54,77,57,3.38,NZ,2022-09-28 00:49:19
177,Hami,42.8,93.45,67.17,33,0,16.82,CN,2022-09-28 00:49:30
178,Marshall,34.3834,-86.3333,64.38,55,0,0.0,US,2022-09-28 00:46:20
179,Pakokku,21.3333,95.1,80.73,82,2,3.33,MM,2022-09-28 00:49:40
180,Haverfordwest,51.8017,-4.9691,53.19,84,75,1.99,GB,2022-09-28 00:49:46
181,Hithadhoo,-0.6,73.0833,77.13,87,100,13.69,MV,2022-09-28 00:49:51
182,Muisne,0.6,-80.0333,73.69,85,100,7.94,EC,2022-09-28 00:49:56
183,Chokurdakh,70.6333,147.9167,27.88,64,34,9.13,RU,2022-09-28 00:50:02
184,Praia Da Vitoria,38.7333,-27.0667,68.76,88,40,18.54,PT,2022-09-28 00:52:07
185,Sao Joao Da Barra,-21.6403,-41.0511,73.49,95,98,9.64,BR,2022-09-28 00:50:25
186,Conroe,30.3119,-95.456,83.97,41,0,3.44,US,2022-09-28 00:52:18
187,Biak,-0.9131,122.8766,82.74,66,32,2.08,ID,2022-09-28 00:52:23
188,Marrakesh,31.6315,-8.0083,66.27,63,40,5.75,MA,2022-09-28 00:51:28
189,Tasiilaq,65.6145,-37.6368,33.33,97,100,3.98,GL,2022-09-28 00:52:34
190,Charters Towers,-20.1,146.2667,80.26,51,17,4.09,AU,2022-09-28 00:52:39
191,Ancud,-41.8697,-73.8203,44.46,84,0,5.28,CL,2022-09-28 00:52:44
192,Mildura,-34.2,142.15,60.08,75,99,18.25,AU,2022-09-28 00:52:50
193,Saint-Augustin,51.226,-58.6502,55.38,96,100,1.95,CA,2022-09-28 00:52:55
194,Iskateley,67.6803,53.1512,27.52,69,12,6.87,RU,2022-09-28 00:53:00
195,Hualmay,-11.0964,-77.6139,61.36,81,91,9.95,PE,2022-09-28 00:53:06
196,Puerto Escondido,15.85,-97.0667,80.33,84,100,3.09,MX,2022-09-28 00:53:11
197,Lesnikovo,55.2822,65.3175,25.7,88,43,5.84,RU,2022-09-28 00:53:17
198,Zaysan,47.4667,84.8667,54.43,42,100,3.18,KZ,2022-09-28 00:53:22
199,Norman Wells,65.282,-126.8329,48.24,61,40,5.75,CA,2022-09-28 00:53:28
200,Souillac,-20.5167,57.5167,68.36,72,82,9.78,MU,2022-09-28 00:53:33
201,Diamantino,-14.4086,-56.4461,74.34,84,100,3.49,BR,2022-09-28 00:53:39
202,Baraboo,43.4711,-89.7443,50.94,72,100,4.61,US,2022-09-28 00:53:49
203,Yulara,-25.2406,130.9889,70.05,27,0,18.34,AU,2022-09-28 00:53:54
204,Bonavista,48.6499,-53.1147,61.95,89,100,18.3,CA,2022-09-28 00:54:00
205,Zhigansk,66.7697,123.3711,30.9,81,99,8.43,RU,2022-09-28 00:54:05
206,Sao Francisco De Paula,-29.4481,-50.5836,52.05,98,8,1.88,BR,2022-09-28 00:54:11
207,Fort Nelson,58.8053,-122.7002,76.59,29,75,5.75,CA,2022-09-28 00:54:16
208,Wukari,7.85,9.7833,71.6,98,100,8.03,NG,2022-09-28 00:54:22
209,Codrington,-38.2667,141.9667,54.43,75,100,11.83,AU,2022-09-28 00:54:18
210,Skjervoy,70.0311,20.9714,39.2,74,56,11.41,NO,2022-09-28 00:54:37
211,Lasa,46.6166,10.7002,50.88,67,78,3.31,IT,2022-09-28 00:54:43
212,Kaitangata,-46.2817,169.8464,59.81,62,25,7.38,NZ,2022-09-28 00:54:48
213,Chippewa Falls,44.9369,-91.3929,50.18,73,75,5.75,US,2022-09-28 00:50:35
214,Manyana,-23.4,21.7167,73.56,21,15,13.76,BW,2022-09-28 00:55:04
215,Havre-Saint-Pierre,50.2334,-63.5986,53.96,94,100,0.0,CA,2022-09-28 00:55:09
216,Isangel,-19.55,169.2667,84.31,70,20,11.5,VU,2022-09-28 00:55:14
217,Plettenberg Bay,-34.0527,23.3716,59.65,93,90,7.29,ZA,2022-09-28 00:55:20
218,Ouallam,14.3188,2.0866,86.52,42,95,7.83,NE,2022-09-28 00:55:25
219,Victoria,22.2855,114.1577,89.19,74,100,13.0,HK,2022-09-28 00:51:04
220,Chihuahua,28.5,-106.0,69.8,52,100,7.34,MX,2022-09-28 00:55:36
221,Aykhal,66.0,111.5,20.55,93,99,9.35,RU,2022-09-28 00:55:41
222,Tukrah,32.5341,20.5791,80.1,55,100,1.74,LY,2022-09-28 00:55:46
223,Mayo,38.8876,-76.5119,63.95,59,64,3.0,US,2022-09-28 00:55:52
224,Olinda,-8.0089,-34.8553,76.73,69,20,11.5,BR,2022-09-28 00:54:00
225,Flinders,-34.5833,150.8552,66.18,78,37,3.0,AU,2022-09-28 00:56:02
226,Sur,22.5667,59.5289,80.78,71,7,8.46,OM,2022-09-28 00:56:07
227,Kavieng,-2.5744,150.7967,84.97,63,79,14.61,PG,2022-09-28 00:56:18
228,Mwinilunga,-11.7358,24.4293,62.38,52,57,1.21,ZM,2022-09-28 00:56:23
229,Sitka,57.0531,-135.33,55.29,88,75,4.61,US,2022-09-28 00:56:04
230,Shuangcheng,45.35,126.2833,64.08,57,26,13.89,CN,2022-09-28 00:58:35
231,Torbay,47.6666,-52.7314,66.27,92,75,16.11,CA,2022-09-28 00:58:40
232,Malpe,13.35,74.7167,76.3,84,89,4.23,IN,2022-09-28 00:58:46
233,Chon Daen,16.1895,100.8596,77.13,90,96,3.56,TH,2022-09-28 00:58:51
234,Caravelas,-17.7125,-39.2481,73.65,86,1,8.32,BR,2022-09-28 00:58:56
235,Ribeira Grande,38.5167,-28.7,70.21,66,51,12.28,PT,2022-09-28 00:59:02
236,Namibe,-15.1961,12.1522,61.68,83,15,5.28,AO,2022-09-28 00:54:21
237,Kungurtug,50.5994,97.5228,41.27,82,95,4.59,RU,2022-09-28 00:59:12
238,Tutoia,-2.7619,-42.2744,78.82,83,41,10.02,BR,2022-09-28 00:59:17
239,Guerrero Negro,27.9769,-114.0611,79.56,65,5,12.12,MX,2022-09-28 00:59:28
240,Ixtapa,20.7,-105.2,79.88,94,37,1.63,MX,2022-09-28 00:59:33
241,Pangai,-19.8,-174.35,80.71,74,75,4.61,TO,2022-09-28 00:59:39
242,Tuatapere,-46.1333,167.6833,61.45,57,74,1.83,NZ,2022-09-28 00:59:44
243,Cururupu,-1.8283,-44.8683,74.86,91,16,4.09,BR,2022-09-28 00:59:49
244,Zilair,52.2332,57.4392,32.14,94,97,4.81,RU,2022-09-28 00:59:55
245,West Plains,36.7281,-91.8524,65.08,75,1,1.01,US,2022-09-28 00:56:46
246,Faanui,-16.4833,-151.75,78.85,72,12,13.87,PF,2022-09-28 01:00:05
247,The Pas,53.8251,-101.2541,53.4,63,56,9.31,CA,2022-09-28 01:00:12
248,Pauini,-7.7136,-66.9764,82.24,58,92,2.08,BR,2022-09-28 01:00:23
249,Nizwa,22.9333,57.5333,77.32,62,9,1.05,OM,2022-09-28 00:58:17
250,Sakaiminato,35.55,133.2333,71.76,72,100,15.59,JP,2022-09-28 01:00:34
251,Cagayan De Oro,8.4822,124.6472,80.91,79,100,5.01,PH,2022-09-28 01:00:39
252,Lebedinyy,58.5167,125.5167,25.57,81,100,8.7,RU,2022-09-28 01:00:44
253,Nabire,-3.3667,135.4833,83.16,72,100,1.9,ID,2022-09-28 01:00:50
254,Labuhan,-6.8844,112.2051,82.69,62,41,8.28,ID,2022-09-28 01:00:55
255,Ahipara,-35.1667,173.1667,63.68,68,95,12.48,NZ,2022-09-28 01:01:01
256,Arkhara,49.4212,130.0842,50.49,50,96,12.17,RU,2022-09-28 01:01:06
257,Sisimiut,66.9395,-53.6735,41.05,87,88,7.52,GL,2022-09-28 01:01:11
258,Bathsheba,13.2167,-59.5167,80.06,96,100,8.3,BB,2022-09-28 01:01:17
259,Atar,20.5169,-13.0499,93.38,37,80,4.7,MR,2022-09-28 01:01:22
260,Sao Filipe,14.8961,-24.4956,78.21,74,69,6.08,CV,2022-09-28 01:01:28
261,Rawah,34.4816,41.9093,72.97,20,0,9.55,IQ,2022-09-28 01:01:33
262,Chunskiy,56.0815,99.6342,34.09,98,100,3.02,RU,2022-09-28 01:01:54
263,Otjimbingwe,-22.35,16.1333,67.19,19,5,1.7,NA,2022-09-28 01:01:59
264,Camacha,33.0833,-16.3333,65.62,68,40,4.61,PT,2022-09-28 01:02:05
265,Avanigadda,16.0215,80.9181,77.47,91,99,2.77,IN,2022-09-28 00:57:19
266,Saint-Pierre,-21.3393,55.4781,67.68,56,0,9.22,RE,2022-09-28 01:02:16
267,Makakilo City,21.3469,-158.0858,85.57,53,23,15.1,US,2022-09-28 01:02:21
268,Kumluca,36.3703,30.2869,71.51,59,100,1.3,TR,2022-09-28 01:02:27
269,Rabo De Peixe,37.8,-25.5833,67.28,83,40,5.75,PT,2022-09-28 01:02:32
270,Chadiza,-14.0678,32.4392,67.37,56,13,5.46,ZM,2022-09-28 01:02:38
271,Noyabrsk,63.1994,75.4507,25.72,75,93,10.36,RU,2022-09-28 01:02:43
272,Abagur,53.7308,87.2526,42.22,84,100,8.79,RU,2022-09-28 01:02:48
273,Nalut,30.3333,10.85,79.2,40,71,11.23,LY,2022-09-28 01:02:54
274,Panalingaan,8.7842,117.4231,79.81,84,100,5.26,PH,2022-09-28 01:02:59
275,Bria,6.5423,21.9863,66.02,99,100,3.11,CF,2022-09-28 01:05:04
276,Jeremie,18.65,-74.1167,81.07,79,36,3.47,HT,2022-09-28 01:05:10
277,Hinton,53.4001,-117.5857,66.9,41,0,2.62,CA,2022-09-28 01:01:51
278,Tamworth,52.634,-1.6959,46.72,92,7,3.0,GB,2022-09-28 01:05:20
279,Vardo,70.3705,31.1107,44.58,93,100,11.5,NO,2022-09-28 01:05:26
280,Gornoye Loo,43.7129,39.6049,62.38,31,100,6.33,RU,2022-09-28 01:05:31
281,Avera,33.194,-82.5271,66.25,34,100,7.52,US,2022-09-28 01:05:42
282,North Bend,43.4065,-124.2243,66.24,86,75,8.05,US,2022-09-28 01:05:47
283,Oistins,13.0667,-59.5333,80.69,83,75,10.36,BB,2022-09-28 01:05:52
284,Cockburn Town,21.4612,-71.1419,82.53,81,10,19.39,TC,2022-09-28 01:05:58
285,Two Rivers,44.1539,-87.5693,51.33,76,100,12.66,US,2022-09-28 01:06:03
286,Melfi,40.9965,15.6514,58.01,81,41,7.11,IT,2022-09-28 01:06:09
287,Campina Verde,-19.5356,-49.4864,68.13,84,99,5.08,BR,2022-09-28 01:06:14
288,Srednekolymsk,67.45,153.6833,34.61,56,95,12.97,RU,2022-09-28 01:06:19
289,Lososina,48.9975,140.3106,63.84,51,0,12.53,RU,2022-09-28 01:06:25
290,Polunochnoye,60.8697,60.4153,22.59,89,54,4.92,RU,2022-09-28 01:06:30
291,Padborg,54.8266,9.3625,46.71,98,100,11.5,DK,2022-09-28 01:06:36
292,Lorengau,-2.0226,147.2712,85.24,66,94,13.31,PG,2022-09-28 01:06:41
293,Tianpeng,30.9866,103.9393,69.73,82,100,1.25,CN,2022-09-28 01:05:13
294,Kajaani,64.2273,27.7285,44.65,93,100,4.61,FI,2022-09-28 01:06:52
295,Poum,-20.2333,164.0167,77.76,78,1,14.38,NC,2022-09-28 01:06:57
296,Toora-Khem,52.4675,96.11,42.33,81,100,3.78,RU,2022-09-28 01:07:02
297,Ubinskoye,55.3068,79.6802,28.45,97,100,13.02,RU,2022-09-28 01:07:08
298,Cody,44.5263,-109.0565,74.91,32,0,3.44,US,2022-09-28 01:07:13
299,Frontera,26.9333,-101.45,80.33,43,23,4.0,MX,2022-09-28 01:07:19
300,Cidreira,-30.1811,-50.2056,59.9,88,2,7.54,BR,2022-09-28 01:07:24
301,Kasongo-Lunda,-6.4667,16.8167,70.88,94,100,0.31,CD,2022-09-28 01:07:29
302,Makaha,21.4694,-158.2175,87.71,61,15,10.16,US,2022-09-28 01:07:35
303,Kyabram,-36.3167,145.05,64.87,72,66,16.51,AU,2022-09-28 01:07:40
304,Vestmannaeyjar,63.4427,-20.2734,48.06,69,100,5.03,IS,2022-09-28 01:03:13
305,Bontang,0.1333,117.5,81.64,74,99,1.34,ID,2022-09-28 01:07:50
306,Chuy,-33.6971,-53.4616,53.92,92,0,6.22,UY,2022-09-28 01:08:01
307,Alice Springs,-23.7,133.8833,71.22,39,0,11.5,AU,2022-09-28 01:08:06
308,Vredendal,-31.6683,18.5012,52.03,70,26,3.24,ZA,2022-09-28 01:08:12
309,Zigong,29.3416,104.7769,66.94,88,100,0.69,CN,2022-09-28 01:07:48
310,Camapua,-19.5314,-54.0439,72.9,79,100,5.19,BR,2022-09-28 01:08:22
311,Jumla,29.2747,82.1838,52.7,80,0,5.44,NP,2022-09-28 01:08:28
312,Portland,45.5234,-122.6762,82.78,49,20,11.5,US,2022-09-28 01:07:20
313,Ilulissat,69.2167,-51.1,37.42,93,75,3.44,GL,2022-09-28 01:08:39
314,Pervomayskoye,43.919,46.7102,64.98,90,100,9.78,RU,2022-09-28 01:08:44
315,Itacoatiara,-3.1431,-58.4442,80.73,59,11,3.15,BR,2022-09-28 01:08:49
316,Juneau,58.3019,-134.4197,55.4,88,40,0.0,US,2022-09-28 01:08:55
317,Hohoe,7.1518,0.4736,73.24,94,100,1.99,GH,2022-09-28 01:09:00
318,Muli,2.9167,73.5667,81.75,75,98,18.12,MV,2022-09-28 01:09:05
319,Rio Claro,-22.4114,-47.5614,66.99,93,100,5.48,BR,2022-09-28 01:09:11
320,Sioux Lookout,50.1001,-91.917,36.68,61,24,3.65,CA,2022-09-28 01:06:17
321,Katobu,-4.9408,122.5276,86.2,58,89,2.39,ID,2022-09-28 01:09:27
322,Talca,-35.4333,-71.6667,52.9,79,0,1.01,CL,2022-09-28 01:11:32
323,Remedios,22.4947,-79.5458,79.72,85,100,15.41,CU,2022-09-28 01:11:37
324,Kandara,25.7191,73.2765,78.33,68,9,5.28,IN,2022-09-28 01:11:43
325,Kjollefjord,70.9457,27.3465,46.45,81,100,12.66,NO,2022-09-28 01:11:48
326,Kisangani,0.5167,25.2,68.94,100,100,2.08,CD,2022-09-28 01:11:53
327,Gorontalo,0.5412,123.0595,87.6,60,85,2.1,ID,2022-09-28 01:11:58
328,Roseburg,43.2165,-123.3417,76.33,46,0,9.22,US,2022-09-28 01:12:04
329,Matara,5.9485,80.5353,78.12,85,70,10.22,LK,2022-09-28 01:12:09
330,Tautira,-17.7333,-149.15,77.34,77,26,14.29,PF,2022-09-28 01:12:15
331,Cabedelo,-6.9811,-34.8339,74.07,73,4,11.77,BR,2022-09-28 01:12:20
332,Laguna,38.421,-121.4238,88.09,36,0,8.05,US,2022-09-28 01:12:25
333,Belawan,3.7755,98.6832,77.29,86,100,3.96,ID,2022-09-28 01:12:31
334,Ternate,0.8,127.4,83.88,66,82,1.79,ID,2022-09-28 01:12:36
335,Cayambe,0.05,-78.1333,51.06,81,92,6.78,EC,2022-09-28 01:12:41
336,Vila Franca Do Campo,37.7167,-25.4333,68.2,84,7,7.85,PT,2022-09-28 01:12:47
337,Khorramshahr,30.4397,48.1664,64.35,11,0,10.54,IR,2022-09-28 01:12:52
338,Mana,5.6592,-53.7767,79.48,82,97,11.39,GF,2022-09-28 01:13:08
339,Sehithwa,-20.4667,22.7167,76.64,24,6,12.75,BW,2022-09-28 01:13:13
340,Pathein,16.7833,94.7333,78.31,89,22,3.09,MM,2022-09-28 01:13:18
341,Oda,35.1833,132.5,70.66,76,99,12.08,JP,2022-09-28 01:13:24
342,Lamar,33.6668,-95.5836,76.35,39,0,6.91,US,2022-09-28 01:13:34
343,Rajula,21.05,71.4333,75.83,83,75,6.24,IN,2022-09-28 01:13:40
344,Constantine,36.365,6.6147,60.21,63,20,8.05,DZ,2022-09-28 01:13:45
345,Veliki Preslav,43.1667,26.8167,59.59,92,0,3.36,BG,2022-09-28 01:13:50
346,Sao Gabriel Da Cachoeira,-0.1303,-67.0892,73.69,94,100,0.89,BR,2022-09-28 01:13:56
347,Belyy Yar,53.6039,91.3903,48.09,81,20,4.47,RU,2022-09-28 01:14:01
348,Namatanai,-3.6667,152.4333,85.15,63,99,11.45,PG,2022-09-28 01:14:06
349,Along,28.1667,94.7667,73.58,90,39,1.14,IN,2022-09-28 01:14:12
350,Husavik,66.0449,-17.3389,38.16,75,52,5.68,IS,2022-09-28 01:14:17
351,Poopo,-18.3667,-66.9667,41.56,13,0,3.04,BO,2022-09-28 01:14:23
352,Japura,-0.3167,102.35,77.2,90,100,1.12,ID,2022-09-28 01:14:33
353,Puerto Narino,-3.7703,-70.3831,78.87,70,26,1.25,CO,2022-09-28 01:14:38
354,Kahului,20.8947,-156.47,89.62,61,40,21.85,US,2022-09-28 01:14:44
355,Port Talbot,51.5924,-3.7802,55.18,87,52,8.9,GB,2022-09-28 01:14:49
356,Kijini,-5.85,39.3167,72.41,83,48,8.52,TZ,2022-09-28 01:14:54
357,Hasaki,35.7333,140.8333,77.4,62,13,20.07,JP,2022-09-28 01:15:00
358,Dolores,-36.3132,-57.6792,45.64,70,0,10.6,AR,2022-09-28 01:15:05
359,San Lorenzo,-25.3333,-57.5333,65.34,88,0,0.0,PY,2022-09-28 01:12:49
360,Fougamou,-1.2154,10.5838,72.3,99,100,1.36,GA,2022-09-28 01:15:16
361,Wajir,1.7471,40.0573,75.04,65,10,14.92,KE,2022-09-28 01:15:21
362,Van Buren,35.4368,-94.3483,76.32,36,0,3.44,US,2022-09-28 01:15:26
363,Prainha,-1.8,-53.48,78.85,65,19,3.76,BR,2022-09-28 01:15:32
364,Baykit,61.67,96.37,31.78,77,100,4.88,RU,2022-09-28 01:15:37
365,Churapcha,62.0025,132.4325,32.43,78,100,8.1,RU,2022-09-28 01:15:42
366,Asfi,32.2994,-9.2372,66.47,75,0,10.76,MA,2022-09-28 01:15:48
367,Kindu,-2.95,25.95,67.6,99,100,2.84,CD,2022-09-28 01:15:53
368,Morro Bay,35.3658,-120.8499,71.2,52,1,8.01,US,2022-09-28 01:17:58
369,Kuching,1.55,110.3333,80.82,89,20,2.3,MY,2022-09-28 01:18:04
370,Amapa,1.0,-52.0,77.58,68,84,5.17,BR,2022-09-28 01:18:09
371,Aksu,41.1231,80.2644,65.75,27,26,3.06,CN,2022-09-28 01:18:14
372,Bereda,43.2686,-7.5406,59.41,100,100,3.76,ES,2022-09-28 01:18:20
373,Palmer,42.1584,-72.3287,57.9,77,20,0.0,US,2022-09-28 01:18:30
374,Dinghai,26.2847,119.7936,81.52,84,50,13.53,CN,2022-09-28 01:18:36
375,Cairns,-16.9167,145.7667,88.11,59,75,12.66,AU,2022-09-28 01:18:41
376,Yumen,40.2833,97.2,66.76,21,1,1.72,CN,2022-09-28 01:18:46
377,Torbat-E Jam,35.244,60.6225,62.2,33,0,9.46,IR,2022-09-28 01:18:57
378,Hovd,48.0056,91.6419,48.42,44,100,8.57,MN,2022-09-28 01:19:02
379,Mareeba,-17.0,145.4333,83.48,60,0,8.23,AU,2022-09-28 01:19:07
380,Polson,47.6936,-114.1632,65.48,64,11,2.73,US,2022-09-28 01:19:13
381,Port Blair,11.6667,92.75,82.02,78,80,10.87,IN,2022-09-28 01:19:18
382,Atasu,48.6814,71.6433,42.44,79,53,10.25,KZ,2022-09-28 01:19:24
383,Bengkulu,-3.8004,102.2655,77.31,84,100,3.29,ID,2022-09-28 01:19:29
384,Vila Velha,-20.3297,-40.2925,75.15,95,100,5.75,BR,2022-09-28 01:15:09
385,Kaman,27.65,77.2667,78.55,72,0,2.82,IN,2022-09-28 01:19:39
386,Anadyr,64.75,177.4833,36.1,87,75,8.95,RU,2022-09-28 01:19:45
387,Madimba,-10.4,40.3333,70.39,89,12,3.67,TZ,2022-09-28 01:19:50
388,Umm Lajj,25.0213,37.2685,88.16,32,2,5.19,SA,2022-09-28 01:19:55
389,Flin Flon,54.7682,-101.865,54.0,62,58,7.72,CA,2022-09-28 01:15:34
390,Pombia,45.653,8.6336,57.13,68,48,4.76,IT,2022-09-28 01:20:06
391,Varnavino,57.4035,45.0916,40.98,92,100,13.31,RU,2022-09-28 01:20:11
392,Basco,20.4487,121.9702,82.63,78,42,13.31,PH,2022-09-28 01:20:17
393,Bend,44.0582,-121.3153,85.28,24,0,5.75,US,2022-09-28 01:19:19
394,San Cristobal,7.7669,-72.225,73.58,94,96,1.81,VE,2022-09-28 01:20:27
395,Sorong,-0.8833,131.25,83.8,70,11,6.29,ID,2022-09-28 01:20:33
396,Rio Pomba,-21.2747,-43.1792,68.74,84,61,0.16,BR,2022-09-28 01:20:38
397,Hofn,64.2539,-15.2082,44.02,70,15,5.79,IS,2022-09-28 01:20:43
398,Grand Gaube,-20.0064,57.6608,70.38,61,93,1.99,MU,2022-09-28 01:20:49
399,Goundam,16.4145,-3.6708,90.91,39,100,12.03,ML,2022-09-28 01:20:54
400,Asau,46.4333,26.4,51.28,81,98,4.47,RO,2022-09-28 01:21:04
401,Fortuna,40.5982,-124.1573,64.9,75,4,5.01,US,2022-09-28 01:21:10
402,Acapulco,16.8634,-99.8901,80.42,83,100,4.61,MX,2022-09-28 01:21:15
403,Kentau,43.5206,68.5094,53.4,50,7,4.41,KZ,2022-09-28 01:21:21
404,Lompoc,34.6391,-120.4579,77.14,80,0,11.5,US,2022-09-28 01:19:48
405,Tupancireta,-29.0806,-53.8358,56.19,75,0,10.71,BR,2022-09-28 01:21:31
406,Saint-Ambroise,48.5501,-71.3324,52.34,96,100,0.2,CA,2022-09-28 01:21:37
407,Thompson,55.7435,-97.8558,51.96,66,20,8.05,CA,2022-09-28 01:21:42
408,Katsuura,35.1333,140.3,74.62,59,7,17.13,JP,2022-09-28 01:21:47
409,Quimper,48.0,-4.1,59.58,94,100,21.85,FR,2022-09-28 01:21:58
410,Alvaraes,-3.2208,-64.8042,80.89,61,11,0.87,BR,2022-09-28 01:22:03
411,Cap Malheureux,-19.9842,57.6142,70.47,61,92,1.99,MU,2022-09-28 01:22:09
412,Harper,4.375,-7.7169,75.27,91,54,9.73,LR,2022-09-28 01:22:14
413,Seoul,37.5683,126.9778,69.24,77,0,1.14,KR,2022-09-28 01:20:00
414,Los Llanos De Aridane,28.6585,-17.9182,69.12,90,0,10.36,ES,2022-09-28 01:24:30
415,Magrath,49.4167,-112.8686,76.71,18,53,5.75,CA,2022-09-28 01:24:36
416,Beloha,-25.1667,45.05,67.24,93,11,11.54,MG,2022-09-28 01:24:41
417,Marfino,55.7028,37.3822,46.35,88,100,13.42,RU,2022-09-28 01:24:46
418,Rebrikha,53.0733,82.3408,44.49,86,100,13.13,RU,2022-09-28 01:24:52
419,Moron,-34.6534,-58.6198,59.97,53,67,13.35,AR,2022-09-28 01:24:57
420,Kununurra,-15.7667,128.7333,89.58,35,100,6.91,AU,2022-09-28 01:22:15
421,Gushikawa,26.3544,127.8686,85.62,74,0,5.75,JP,2022-09-28 01:25:08
422,Bulawayo,-20.15,28.5833,67.06,49,3,12.71,ZW,2022-09-28 01:25:13
423,Mercedes,-34.6515,-59.4307,60.85,60,49,16.37,AR,2022-09-28 01:25:24
424,Betul,21.9153,77.8961,70.05,90,48,3.18,IN,2022-09-28 01:22:17
425,Oranjemund,-28.55,16.4333,54.25,89,0,8.52,NA,2022-09-28 01:25:34
426,Burla,21.5,83.8667,77.56,87,100,1.83,IN,2022-09-28 01:25:39
427,Alofi,-19.0595,-169.9187,78.69,73,40,9.22,NU,2022-09-28 01:25:45
428,Kyren,51.6828,102.1408,43.21,89,100,1.34,RU,2022-09-28 01:25:50
429,Sangmelima,2.9333,11.9833,66.06,99,100,3.89,CM,2022-09-28 01:25:55
430,Marzuq,14.4,46.4667,74.62,31,30,3.53,YE,2022-09-28 01:26:01
431,Mehamn,71.0357,27.8492,48.11,81,100,12.66,NO,2022-09-28 01:26:06
432,Konstantinovka,49.6167,127.9833,49.89,42,100,11.65,RU,2022-09-28 01:26:11
433,Howard Springs,-12.497,131.047,88.88,67,100,5.77,AU,2022-09-28 01:26:17
434,Merauke,-8.4667,140.3333,83.84,73,100,6.67,ID,2022-09-28 01:26:22
435,Salalah,17.0151,54.0924,80.69,78,75,4.61,OM,2022-09-28 01:26:27
436,Aswan,24.0934,32.907,88.9,18,0,2.3,EG,2022-09-28 01:26:33
437,Blagoyevo,63.3667,47.9167,28.87,81,5,5.01,RU,2022-09-28 01:26:38
438,Mount Gambier,-37.8333,140.7667,55.67,71,74,10.74,AU,2022-09-28 01:26:43
439,Chenzhou,25.8,113.0333,76.46,55,0,5.26,CN,2022-09-28 01:26:49
440,Divnogorsk,55.9594,92.3619,34.29,98,100,5.68,RU,2022-09-28 01:26:54
441,Itaituba,-4.2761,-55.9836,80.01,60,35,2.15,BR,2022-09-28 01:27:00
442,George Town,5.4112,100.3354,82.89,82,20,3.44,MY,2022-09-28 01:22:58
443,Payo,-3.7508,103.6372,79.43,75,83,0.76,ID,2022-09-28 01:27:10
444,Korla,41.7597,86.1469,68.09,24,2,5.06,CN,2022-09-28 01:27:15
445,Sungaipenuh,-2.0833,101.3833,68.29,87,100,1.21,ID,2022-09-28 01:27:21
446,Cozumel,20.5083,-86.9458,84.27,79,20,9.22,MX,2022-09-28 01:23:01
447,Maksatikha,57.797,35.8825,43.93,91,100,5.46,RU,2022-09-28 01:27:31
448,Ciechanow,52.8814,20.62,53.42,96,100,0.54,PL,2022-09-28 01:27:36
449,Milan,45.4643,9.1895,58.87,62,0,4.0,IT,2022-09-28 01:25:36
450,Sechura,-5.5569,-80.8222,62.92,80,43,16.82,PE,2022-09-28 01:27:47
451,Urumqi,43.801,87.6005,59.95,42,0,8.95,CN,2022-09-28 01:27:57
452,Egvekinot,66.3167,-179.1667,28.9,78,100,8.68,RU,2022-09-28 01:28:03
453,Nova Olinda Do Norte,-3.8881,-59.0942,82.65,54,32,2.75,BR,2022-09-28 01:28:08
454,Winnemucca,40.973,-117.7357,87.85,12,0,9.22,US,2022-09-28 01:28:14
455,Port Keats,-14.25,129.55,88.56,53,75,4.38,AU,2022-09-28 01:28:24
456,Homer,59.6425,-151.5483,49.89,64,100,3.44,US,2022-09-28 01:28:29
457,Bonthe,7.5264,-12.505,75.7,91,26,2.93,SL,2022-09-28 01:28:35
458,Qandala,11.472,49.8728,84.07,60,15,4.65,SO,2022-09-28 01:28:40
459,Cookeville,36.1628,-85.5016,57.99,86,0,0.0,US,2022-09-28 01:27:45
460,Rio De Janeiro,-22.9028,-43.2075,73.94,75,75,9.22,BR,2022-09-28 01:30:51
461,Meulaboh,4.1363,96.1285,74.43,93,100,2.62,ID,2022-09-28 01:30:56
462,Filingue,14.3521,3.3168,86.16,41,16,7.31,NE,2022-09-28 01:31:06
463,Vila,42.0304,-8.1588,50.88,87,82,2.35,PT,2022-09-28 01:31:12
464,Marawi,7.9986,124.2928,78.06,71,95,3.33,PH,2022-09-28 01:31:17
465,Orcopampa,-15.2661,-72.3417,44.19,31,0,0.98,PE,2022-09-28 01:31:23
466,The Valley,18.217,-63.0578,83.82,74,100,18.7,AI,2022-09-28 01:31:28
467,Yar-Sale,66.8333,70.8333,28.69,87,100,11.79,RU,2022-09-28 01:31:34
468,Surin,14.8818,103.4936,75.58,96,100,8.39,TH,2022-09-28 01:31:39
469,Altay,47.8667,88.1167,52.63,62,96,0.83,CN,2022-09-28 01:31:45
470,Faya,18.3851,42.4509,64.51,31,2,2.57,SA,2022-09-28 01:31:50
471,Narsimhapur,22.95,79.2,76.37,84,27,1.39,IN,2022-09-28 01:31:56
472,Pericos,25.05,-107.7,89.51,88,1,1.81,MX,2022-09-28 01:32:01
473,Ordzhonikidze,52.4411,61.7408,27.72,82,10,5.53,KZ,2022-09-28 01:32:07
474,Requena,39.4883,-1.1004,58.78,56,24,6.24,ES,2022-09-28 01:28:12
475,Arcata,40.8665,-124.0828,63.19,81,0,4.61,US,2022-09-28 01:32:17
476,Ngunguru,-35.6167,174.5,60.6,70,98,14.27,NZ,2022-09-28 01:32:28
477,Fez,34.0372,-4.9998,57.45,71,0,6.91,MA,2022-09-28 01:32:33
478,San Isidro,-12.1167,-77.05,60.01,82,75,10.36,PE,2022-09-28 01:32:38
479,San Jose,37.3394,-121.895,77.25,62,20,11.5,US,2022-09-28 01:27:44
480,Gazojak,41.1875,61.4036,57.33,50,36,11.16,TM,2022-09-28 01:32:49
481,Bay Roberts,47.5999,-53.2648,67.33,91,100,3.0,CA,2022-09-28 01:32:59
482,Dwarka,22.2394,68.9678,80.22,75,16,8.03,IN,2022-09-28 01:33:04
483,Evensk,61.95,159.2333,43.2,58,39,15.77,RU,2022-09-28 01:33:10
484,Santo Tomas,14.1079,121.1414,84.56,77,100,1.34,PH,2022-09-28 01:33:15
485,Petrovsk-Zabaykalskiy,51.273,108.843,44.06,73,100,4.23,RU,2022-09-28 01:33:31
486,Tumut,-35.3,148.2167,57.38,81,88,4.21,AU,2022-09-28 01:33:36
487,Antonina,-25.4286,-48.7119,67.68,98,100,1.79,BR,2022-09-28 01:33:42
488,Uyemskiy,64.4743,40.8524,30.25,100,20,4.47,RU,2022-09-28 01:33:47
489,Miroslava,47.15,27.5167,58.98,94,0,5.99,RO,2022-09-28 01:33:53
490,Sinjar,36.3209,41.8754,73.72,22,0,7.85,IQ,2022-09-28 01:33:58
491,Caluquembe,-13.7833,14.6833,59.27,78,7,1.99,AO,2022-09-28 01:34:03
492,Kabanjahe,3.1001,98.4908,64.13,96,100,4.61,ID,2022-09-28 01:34:09
493,Pisco,-13.7,-76.2167,59.05,82,0,13.8,PE,2022-09-28 01:34:14
494,Hay River,60.8156,-115.7999,69.78,40,75,9.22,CA,2022-09-28 01:34:20
495,Richmond,37.5538,-77.4603,62.15,72,75,0.0,US,2022-09-28 01:33:09
496,Baturaja,-4.1333,104.1667,84.78,65,76,2.55,ID,2022-09-28 01:34:35
497,Medea,36.2642,2.7539,55.71,65,0,3.36,DZ,2022-09-28 01:34:40
498,Nantucket,41.2835,-70.0995,64.99,65,0,11.5,US,2022-09-28 01:34:51
499,Isla Vista,34.4133,-119.861,90.0,65,0,6.91,US,2022-09-28 01:34:56
500,Weatherford,32.7593,-97.7972,79.3,31,0,8.9,US,2022-09-28 01:32:41
501,Rutana,-3.8667,30.1,59.81,57,100,1.25,BI,2022-09-28 01:35:07
502,Fonte Boa,-2.4959,-66.2662,76.78,79,17,2.06,BR,2022-09-28 01:35:12
503,Linxia,35.6003,103.2064,60.04,47,0,0.56,CN,2022-09-28 01:37:18
504,Nelson Bay,-32.7167,152.15,72.09,72,1,5.01,AU,2022-09-28 01:37:23
505,Broken Hill,-31.95,141.4333,57.25,62,91,19.89,AU,2022-09-28 01:37:28
506,Chabahar,25.2919,60.643,78.78,78,13,3.27,IR,2022-09-28 01:37:34
507,Cabrero,-37.0333,-72.4,51.96,72,0,7.99,CL,2022-09-28 01:37:39
508,Cooma,-36.2333,149.1333,51.28,86,100,7.58,AU,2022-09-28 01:37:44
509,Santa Cruz,-17.8,-63.1667,76.46,88,75,9.22,BO,2022-09-28 01:37:50
510,Loikaw,19.6742,97.2094,72.61,85,100,2.55,MM,2022-09-28 01:37:55
511,Mitchell,43.7094,-98.0298,59.11,46,0,9.22,US,2022-09-28 01:38:00
512,Biltine,14.5333,20.9167,80.65,54,86,6.46,TD,2022-09-28 01:38:06
513,Takanabe,32.1333,131.5,78.69,79,60,5.46,JP,2022-09-28 01:38:11
514,Rockport,28.0206,-97.0544,82.99,51,0,9.22,US,2022-09-28 01:37:04
515,Coquimbo,-29.9533,-71.3436,55.13,87,75,4.61,CL,2022-09-28 01:38:21
516,Roald,62.5833,6.1333,57.34,58,75,11.5,NO,2022-09-28 01:38:27
517,Coihaique,-45.5752,-72.0662,45.21,70,0,4.61,CL,2022-09-28 01:35:02
518,Silver City,32.7701,-108.2803,71.56,40,0,8.05,US,2022-09-28 01:38:42
519,Ukiah,39.1502,-123.2078,84.43,45,0,5.75,US,2022-09-28 01:35:07
520,Soyo,-6.1349,12.3689,73.89,87,100,6.93,AO,2022-09-28 01:38:53
521,Ambulu,-8.345,113.6058,83.71,61,17,3.83,ID,2022-09-28 01:38:58
522,Kuusamo,65.9667,29.1833,41.04,93,100,4.61,FI,2022-09-28 01:37:19
523,Bubaque,11.2833,-15.8333,79.86,78,91,3.69,GW,2022-09-28 01:39:09
524,Porto Novo,6.4965,2.6036,76.82,93,100,5.39,BJ,2022-09-28 01:39:14
525,Nicolas Bravo,18.45,-88.9167,77.56,80,85,4.99,MX,2022-09-28 01:39:19
526,Regente Feijo,-22.2214,-51.3028,65.48,94,100,10.36,BR,2022-09-28 01:39:25
527,Santa Isabel Do Rio Negro,-0.4139,-65.0192,79.92,69,97,3.29,BR,2022-09-28 01:39:30
528,Urbino,43.7298,12.6356,57.74,77,13,8.77,IT,2022-09-28 01:39:40
529,Katherine,-14.4667,132.2667,89.92,45,75,10.36,AU,2022-09-28 01:39:46
530,Novaya Bryan,51.7159,108.2691,43.56,50,100,5.84,RU,2022-09-28 01:39:51
531,Dawlatabad,36.4141,64.9053,64.2,26,0,2.77,AF,2022-09-28 01:39:56
532,Goundi,9.3627,17.366,69.73,98,100,3.36,TD,2022-09-28 01:40:02
533,Luba,3.4568,8.5547,76.89,89,100,2.44,GQ,2022-09-28 01:40:07
534,Aitape,-3.1374,142.3475,84.16,71,84,5.26,PG,2022-09-28 01:40:13
535,San Jeronimo,-11.9472,-75.2829,50.54,77,100,2.62,PE,2022-09-28 01:40:18
536,Manadhoo,5.7667,73.3833,82.13,67,100,15.55,MV,2022-09-28 01:40:24
537,Manuk Mangkaw,4.8,119.85,83.64,73,100,6.38,PH,2022-09-28 01:40:29
538,Jinchang,38.4953,102.1739,68.23,27,0,6.02,CN,2022-09-28 01:40:34
539,Helong,42.5397,128.9972,77.77,28,0,7.54,CN,2022-09-28 01:40:40
540,Sohag,26.557,31.6948,84.49,20,4,5.53,EG,2022-09-28 01:40:50
541,Yarada,17.65,83.2667,79.12,100,75,4.61,IN,2022-09-28 01:40:55
542,Xining,36.6167,101.7667,52.68,62,3,2.04,CN,2022-09-28 01:36:41
